{"cameraMode":{"drawMode":0,"name":"Shaded","section":"Shading Mode"},"sceneLighting":false,"audioPlay":false,"sceneViewState":{"showFog":true,"showMaterialUpdate":false,"showSkybox":true,"showFlares":true,"showImageEffects":true,"showParticleSystems":true},"in2DMode":false,"pivot":{"x":511.9976806640625,"y":383.99334716796877,"z":0.0},"rotation":{"x":-0.1726147085428238,"y":-0.09528496116399765,"z":0.01677943952381611,"w":-0.9802262187004089},"size":2.3334522247314455,"orthographic":false}