{"cameraMode":{"drawMode":0,"name":"Shaded","section":"Shading Mode"},"sceneLighting":false,"audioPlay":false,"sceneViewState":{"showFog":true,"showMaterialUpdate":false,"showSkybox":true,"showFlares":true,"showImageEffects":true,"showParticleSystems":true},"in2DMode":false,"pivot":{"x":-6.163756847381592,"y":5.912651538848877,"z":6.241802215576172},"rotation":{"x":-0.07513024657964707,"y":-0.6827552914619446,"z":0.07092028856277466,"w":-0.7233055830001831},"size":27.730749130249025,"orthographic":true}